epoch,train_loss,val_loss,val_bleu1,val_bleu4,epoch_time_min
1,4.7134,3.9545,0.5254,0.0986,0.54
2,3.8496,3.578,0.5095,0.1064,0.54
3,3.5442,3.3428,0.5233,0.1181,0.53
4,3.3262,3.1837,0.5209,0.1341,1.7
5,3.1617,3.0697,0.5257,0.139,0.53
6,3.0345,2.9887,0.5272,0.1597,0.56
7,2.9301,2.9266,0.5581,0.1745,0.56
8,2.8396,2.8814,0.563,0.1734,1.87
9,2.7619,2.8455,0.5798,0.1875,0.54
10,2.6913,2.8178,0.5824,0.1912,0.53
11,2.6309,2.7967,0.5876,0.1899,0.53
12,2.5726,2.7795,0.5928,0.1942,1.87
13,2.5205,2.7679,0.5808,0.1832,0.53
14,2.4712,2.7547,0.5964,0.1924,0.53
15,2.4258,2.7474,0.5928,0.1921,0.53
16,2.3832,2.7489,0.602,0.1934,1.87
17,2.341,2.7448,0.6047,0.1989,0.53
18,2.3007,2.7443,0.5944,0.1905,0.54
19,2.2659,2.7428,0.6023,0.1976,0.53
20,2.2301,2.7414,0.6073,0.1989,1.87
21,2.1964,2.7474,0.5978,0.1921,0.54
22,2.1654,2.7565,0.5897,0.1805,0.54
23,2.1329,2.7612,0.5938,0.1927,0.53
