epoch,train_loss,val_loss,val_bleu1,val_bleu4,learning_rate,epoch_time_min
1,6.2128,4.8696,0.4438,0.0652,4.3e-05,1.23
2,4.533,3.9471,0.5291,0.1095,8.58e-05,0.97
3,3.8195,3.5265,0.581,0.1538,0.0001,0.98
4,3.4998,3.3424,0.6081,0.1886,0.0001,0.97
5,3.3072,3.2218,0.6116,0.1948,0.0001,0.98
6,3.1598,3.1469,0.6073,0.1944,0.0001,0.97
7,3.0421,3.0837,0.6053,0.2043,0.0001,1.05
8,2.9408,3.0388,0.6015,0.2018,0.0001,0.99
9,2.851,3.0103,0.6026,0.2036,0.0001,1.04
10,2.7735,2.9877,0.6211,0.2074,0.0001,1.05
11,2.7042,2.975,0.5951,0.1925,0.0001,1.05
12,2.6404,2.9598,0.6132,0.2103,0.0001,0.99
13,2.5821,2.9485,0.6034,0.203,0.0001,1.0
14,2.5273,2.9492,0.593,0.1887,0.0001,1.05
15,2.4769,2.9413,0.603,0.2011,0.0001,1.07
16,2.4303,2.9498,0.6012,0.2018,0.0001,1.05
17,2.3868,2.9487,0.5945,0.1941,0.0001,1.05
18,2.3438,2.9515,0.5996,0.1963,0.0001,0.99
19,2.3048,2.9544,0.5873,0.1903,0.0001,1.0
20,2.2693,2.9745,0.5935,0.1894,0.0001,1.06
